frame,track_id,x1,y1,x2,y2,keypoints
1,1,184,556,489,836,"[[[0.0, 0.0], [0.0, 0.0], [0.0, 0.0], [0.0, 0.0], [0.0, 0.0], [329.7071533203125, 636.15576171875], [266.3759460449219, 649.4031372070312], [381.4556884765625, 668.3189697265625], [260.17626953125, 684.3101806640625], [444.96063232421875, 667.8856811523438], [307.05126953125, 649.8681640625], [357.9388427734375, 744.6972045898438], [319.17681884765625, 754.7405395507812], [0.0, 0.0], [0.0, 0.0], [0.0, 0.0], [0.0, 0.0]]]"
2,1,182,573,470,835,"[[[0.0, 0.0], [0.0, 0.0], [0.0, 0.0], [0.0, 0.0], [0.0, 0.0], [316.6071472167969, 641.6320190429688], [268.5322570800781, 649.2571411132812], [389.1328125, 663.7511596679688], [268.08331298828125, 653.067626953125], [448.89300537109375, 666.320556640625], [295.22491455078125, 643.312255859375], [361.8236083984375, 729.2803955078125], [322.71417236328125, 743.9136352539062], [411.0205383300781, 786.3051147460938], [335.6559753417969, 823.9931640625], [0.0, 0.0], [0.0, 0.0]]]"
3,1,182,573,471,835,"[[[304.4936828613281, 610.7088623046875], [0.0, 0.0], [0.0, 0.0], [0.0, 0.0], [0.0, 0.0], [319.853271484375, 644.7493896484375], [271.075439453125, 649.036865234375], [391.6246337890625, 666.1141357421875], [283.4770202636719, 652.5909423828125], [452.886962890625, 667.2448120117188], [331.5280456542969, 644.94482421875], [359.5545349121094, 733.5139770507812], [319.7371826171875, 746.5997314453125], [407.8333740234375, 787.9590454101562], [332.148681640625, 822.6229248046875], [0.0, 0.0], [0.0, 0.0]]]"
4,1,183,569,479,835,"[[[303.91339111328125, 613.8140258789062], [0.0, 0.0], [0.0, 0.0], [0.0, 0.0], [0.0, 0.0], [318.537109375, 640.5122680664062], [266.69024658203125, 658.534912109375], [388.123046875, 663.632568359375], [270.5885314941406, 681.9833984375], [452.9794616699219, 663.4537353515625], [322.88348388671875, 659.79248046875], [363.6788024902344, 729.816650390625], [322.6535339355469, 748.892822265625], [412.8757019042969, 780.7484741210938], [339.1526184082031, 821.1961669921875], [0.0, 0.0], [0.0, 0.0]]]"
5,1,177,566,479,835,"[[[0.0, 0.0], [0.0, 0.0], [0.0, 0.0], [0.0, 0.0], [0.0, 0.0], [316.7449951171875, 651.6597290039062], [267.0428466796875, 654.3002319335938], [397.9390869140625, 663.804443359375], [277.6153564453125, 651.9366455078125], [462.9342041015625, 662.5059204101562], [311.1900634765625, 642.7901611328125], [361.8183288574219, 735.103271484375], [320.5615539550781, 746.2863159179688], [414.05792236328125, 786.6429443359375], [330.1663513183594, 815.90869140625], [0.0, 0.0], [0.0, 0.0]]]"
6,1,174,564,479,836,"[[[0.0, 0.0], [0.0, 0.0], [0.0, 0.0], [0.0, 0.0], [0.0, 0.0], [287.7673034667969, 656.4505615234375], [259.17901611328125, 654.1312255859375], [391.1205139160156, 663.3424072265625], [328.3348388671875, 649.3020629882812], [464.7977600097656, 659.287353515625], [399.8475341796875, 657.57568359375], [354.9233703613281, 752.3389892578125], [334.450927734375, 757.3189086914062], [0.0, 0.0], [0.0, 0.0], [0.0, 0.0], [0.0, 0.0]]]"
7,1,174,565,482,836,"[[[0.0, 0.0], [0.0, 0.0], [0.0, 0.0], [0.0, 0.0], [0.0, 0.0], [278.6544189453125, 659.8142700195312], [279.9123229980469, 651.250244140625], [366.0792236328125, 685.110595703125], [373.9862060546875, 651.7705688476562], [464.5213623046875, 679.1796875], [453.9124755859375, 663.9694213867188], [344.30120849609375, 747.5814819335938], [340.2649230957031, 754.3131103515625], [0.0, 0.0], [369.37554931640625, 800.9363403320312], [0.0, 0.0], [0.0, 0.0]]]"
8,1,178,566,486,835,"[[[0.0, 0.0], [0.0, 0.0], [0.0, 0.0], [0.0, 0.0], [297.6148376464844, 627.2828979492188], [276.8670349121094, 666.8880004882812], [311.69793701171875, 656.59912109375], [326.76092529296875, 702.5372314453125], [390.3821105957031, 658.5502319335938], [432.60400390625, 698.3360595703125], [462.080322265625, 662.5607299804688], [330.0292053222656, 770.3302001953125], [347.4903564453125, 774.0379028320312], [0.0, 0.0], [0.0, 0.0], [0.0, 0.0], [0.0, 0.0]]]"
9,1,177,569,487,837,"[[[0.0, 0.0], [0.0, 0.0], [0.0, 0.0], [0.0, 0.0], [0.0, 0.0], [332.3190612792969, 657.94677734375], [276.4520263671875, 661.6226806640625], [397.1510009765625, 669.1095581054688], [286.2030029296875, 667.0039672851562], [461.9351501464844, 666.3780517578125], [323.2069091796875, 656.0867309570312], [360.2940368652344, 766.94482421875], [325.0116271972656, 772.3834228515625], [0.0, 0.0], [0.0, 0.0], [0.0, 0.0], [0.0, 0.0]]]"
10,1,185,580,485,837,"[[[315.7980041503906, 631.7885131835938], [318.28717041015625, 623.9114990234375], [305.9416198730469, 627.2330322265625], [0.0, 0.0], [0.0, 0.0], [346.2179870605469, 661.2039184570312], [276.1781311035156, 672.2392578125], [401.28826904296875, 664.4469604492188], [239.76239013671875, 687.3797607421875], [460.82232666015625, 660.8589477539062], [255.64993286132812, 670.3872680664062], [357.0736389160156, 770.3675537109375], [315.4967956542969, 778.5108032226562], [0.0, 0.0], [0.0, 0.0], [0.0, 0.0], [0.0, 0.0]]]"
11,1,183,575,490,837,"[[[314.8932800292969, 631.1245727539062], [316.23382568359375, 623.6342163085938], [308.7786865234375, 625.5396728515625], [0.0, 0.0], [0.0, 0.0], [343.3157043457031, 661.6151733398438], [277.8775329589844, 671.7859497070312], [403.58941650390625, 667.806640625], [228.44256591796875, 691.3760375976562], [462.29541015625, 663.08154296875], [228.52542114257812, 674.9130859375], [358.4184875488281, 776.2401733398438], [321.378173828125, 783.5240478515625], [0.0, 0.0], [0.0, 0.0], [0.0, 0.0], [0.0, 0.0]]]"
12,1,221,580,518,840,"[[[308.4906311035156, 636.9374389648438], [313.8218078613281, 630.3783569335938], [0.0, 0.0], [0.0, 0.0], [0.0, 0.0], [342.289794921875, 660.9818115234375], [296.248046875, 673.8695678710938], [403.31439208984375, 669.1969604492188], [277.67791748046875, 705.2627563476562], [461.7004089355469, 661.4553833007812], [298.81494140625, 683.2606811523438], [350.38165283203125, 779.9248657226562], [317.65667724609375, 786.7788696289062], [0.0, 0.0], [0.0, 0.0], [0.0, 0.0], [0.0, 0.0]]]"
13,1,237,585,524,840,"[[[315.88494873046875, 636.663818359375], [0.0, 0.0], [0.0, 0.0], [0.0, 0.0], [0.0, 0.0], [342.4913024902344, 664.81591796875], [294.24090576171875, 677.5011596679688], [404.1045837402344, 672.3043212890625], [281.79107666015625, 709.7955322265625], [459.31011962890625, 660.4061889648438], [308.5077819824219, 678.125732421875], [347.99810791015625, 787.0881958007812], [314.20098876953125, 794.1381225585938], [0.0, 0.0], [0.0, 0.0], [0.0, 0.0], [0.0, 0.0]]]"
14,1,243,589,521,841,"[[[317.85205078125, 627.8142700195312], [0.0, 0.0], [0.0, 0.0], [0.0, 0.0], [0.0, 0.0], [344.7362976074219, 668.2069091796875], [295.66302490234375, 678.1792602539062], [404.59063720703125, 680.7926025390625], [282.4539794921875, 711.90478515625], [458.9029541015625, 663.0440063476562], [310.4100646972656, 676.139404296875], [346.9374084472656, 791.46484375], [313.3398132324219, 797.1343994140625], [0.0, 0.0], [0.0, 0.0], [0.0, 0.0], [0.0, 0.0]]]"
15,1,254,593,522,839,"[[[326.82366943359375, 632.3441772460938], [0.0, 0.0], [0.0, 0.0], [0.0, 0.0], [0.0, 0.0], [351.71002197265625, 670.6397094726562], [299.2804870605469, 683.9703369140625], [402.9483642578125, 679.5850219726562], [291.4236755371094, 719.0296630859375], [451.9850158691406, 663.9361572265625], [321.8662414550781, 676.9834594726562], [351.002685546875, 784.920654296875], [315.535888671875, 791.24365234375], [0.0, 0.0], [0.0, 0.0], [0.0, 0.0], [0.0, 0.0]]]"
16,1,261,599,518,839,"[[[333.644287109375, 638.593017578125], [337.16534423828125, 633.3840942382812], [0.0, 0.0], [0.0, 0.0], [0.0, 0.0], [358.681640625, 677.6503295898438], [304.3127136230469, 682.0926513671875], [406.4621276855469, 693.924560546875], [290.2801513671875, 711.2344360351562], [454.9686279296875, 681.9255981445312], [323.1814880371094, 678.945068359375], [352.4457092285156, 783.7381591796875], [316.5276794433594, 787.1047973632812], [0.0, 0.0], [0.0, 0.0], [0.0, 0.0], [0.0, 0.0]]]"
17,1,266,610,509,839,"[[[333.6788330078125, 658.018798828125], [335.77191162109375, 650.6170654296875], [0.0, 0.0], [0.0, 0.0], [0.0, 0.0], [353.6244812011719, 691.0802001953125], [301.1456298828125, 696.4251708984375], [412.0225524902344, 688.9942016601562], [289.260498046875, 704.3546142578125], [467.595458984375, 686.0552978515625], [326.8784484863281, 674.9575805664062], [347.056884765625, 798.7257690429688], [310.90301513671875, 803.4209594726562], [361.2547607421875, 847.556884765625], [0.0, 0.0], [0.0, 0.0], [0.0, 0.0]]]"
18,1,268,613,506,838,"[[[344.97357177734375, 651.891845703125], [349.5482482910156, 645.6082763671875], [340.86236572265625, 644.6604614257812], [0.0, 0.0], [0.0, 0.0], [358.4008483886719, 688.3034057617188], [311.1307373046875, 686.320556640625], [407.1676330566406, 684.0341186523438], [305.91192626953125, 690.90087890625], [461.660400390625, 680.7863159179688], [350.9385070800781, 677.8931884765625], [345.4695739746094, 795.4473266601562], [310.25872802734375, 797.0159301757812], [372.04718017578125, 836.8321533203125], [0.0, 0.0], [0.0, 0.0], [0.0, 0.0]]]"
19,1,273,621,502,838,"[[[363.37957763671875, 665.1389770507812], [0.0, 0.0], [0.0, 0.0], [0.0, 0.0], [0.0, 0.0], [363.67559814453125, 684.9067993164062], [308.5836181640625, 689.062255859375], [416.0478210449219, 686.3257446289062], [290.2325744628906, 711.1215209960938], [459.2935791015625, 681.5014038085938], [330.5911560058594, 706.8092041015625], [350.3993835449219, 794.265625], [310.219970703125, 800.1846313476562], [0.0, 0.0], [0.0, 0.0], [0.0, 0.0], [0.0, 0.0]]]"
20,1,277,630,498,839,"[[[368.3645324707031, 689.98095703125], [0.0, 0.0], [0.0, 0.0], [0.0, 0.0], [0.0, 0.0], [357.3994140625, 698.867431640625], [309.7353820800781, 707.296875], [411.15960693359375, 695.2301635742188], [290.5716247558594, 726.1180419921875], [460.33624267578125, 690.632568359375], [339.5777587890625, 712.4088745117188], [345.5309753417969, 794.565185546875], [311.056640625, 802.750244140625], [366.89910888671875, 811.5234375], [0.0, 0.0], [0.0, 0.0], [0.0, 0.0]]]"
21,1,233,639,457,840,"[[[192.3633575439453, 686.5772094726562], [0.0, 0.0], [0.0, 0.0], [0.0, 0.0], [201.14089965820312, 689.87939453125], [230.32064819335938, 707.5125122070312], [229.0198974609375, 712.8977661132812], [309.7543640136719, 714.512451171875], [294.92626953125, 725.802734375], [388.4182434082031, 694.1964111328125], [331.58636474609375, 698.9816284179688], [324.9474792480469, 747.0725708007812], [326.47613525390625, 756.0267944335938], [384.87738037109375, 746.650390625], [384.93701171875, 740.2937622070312], [447.54864501953125, 738.6276245117188], [457.89715576171875, 725.197265625]]]"
22,1,214,644,442,839,"[[[190.63587951660156, 690.9494018554688], [0.0, 0.0], [190.56356811523438, 688.3034057617188], [0.0, 0.0], [201.194091796875, 692.818359375], [224.37059020996094, 708.6163330078125], [232.89572143554688, 718.02099609375], [297.40576171875, 714.405029296875], [297.5122985839844, 732.4694213867188], [356.72821044921875, 703.28564453125], [330.2015075683594, 708.9741821289062], [324.4624938964844, 745.3765869140625], [330.95068359375, 757.43212890625], [384.88983154296875, 725.3262939453125], [384.80865478515625, 731.9791259765625], [445.3990173339844, 714.4500732421875], [456.34564208984375, 721.63232421875]]]"
23,1,207,648,438,835,"[[[197.55189514160156, 686.0758056640625], [0.0, 0.0], [195.51153564453125, 684.3690185546875], [0.0, 0.0], [199.87359619140625, 692.6611938476562], [218.39389038085938, 708.8165283203125], [230.52650451660156, 723.760009765625], [302.80352783203125, 713.3543701171875], [305.1629943847656, 739.9357299804688], [375.3568115234375, 708.322265625], [345.5304260253906, 718.0447998046875], [314.37969970703125, 749.8661499023438], [323.7275085449219, 765.3656005859375], [379.8157653808594, 718.3720092773438], [385.207763671875, 730.7727661132812], [444.60845947265625, 708.48681640625], [457.5423583984375, 720.3131713867188]]]"
24,1,217,651,424,807,"[[[192.11614990234375, 693.854248046875], [0.0, 0.0], [0.0, 0.0], [191.86349487304688, 696.2838134765625], [201.16525268554688, 695.6619873046875], [212.65077209472656, 717.619873046875], [230.6070556640625, 712.2388916015625], [258.4200134277344, 720.0689086914062], [306.31011962890625, 708.8161010742188], [295.8701477050781, 695.3190307617188], [328.8258361816406, 699.0030517578125], [301.36614990234375, 736.4259643554688], [313.90283203125, 740.6166381835938], [356.5748291015625, 729.5390625], [361.0885009765625, 720.3384399414062], [441.2149658203125, 728.6924438476562], [450.8720703125, 720.7542724609375]]]"
25,1,216,651,424,796,"[[[189.3303680419922, 699.8033447265625], [0.0, 0.0], [0.0, 0.0], [189.9127197265625, 702.0372314453125], [200.60516357421875, 695.4505004882812], [211.1502685546875, 722.4947509765625], [227.77175903320312, 698.1448364257812], [247.60098266601562, 732.6730346679688], [294.5459289550781, 677.2725830078125], [283.6796875, 703.80712890625], [305.7734680175781, 662.5458984375], [293.2759704589844, 746.5604858398438], [304.68115234375, 742.1050415039062], [352.66827392578125, 728.5467529296875], [357.6326599121094, 707.0038452148438], [433.07745361328125, 743.0530395507812], [444.9478454589844, 724.5039672851562]]]"
26,1,208,643,434,795,"[[[190.3768768310547, 699.4871826171875], [186.2937774658203, 695.5121459960938], [0.0, 0.0], [186.38047790527344, 697.6177368164062], [0.0, 0.0], [212.5216064453125, 709.1114501953125], [227.7625732421875, 718.8922119140625], [265.9079284667969, 722.1763916015625], [284.81927490234375, 734.54052734375], [296.8957824707031, 712.7647094726562], [309.9844055175781, 731.225830078125], [306.14959716796875, 730.3023071289062], [314.243408203125, 742.63916015625], [366.64300537109375, 715.5703735351562], [372.4994812011719, 725.1162719726562], [438.844482421875, 712.259521484375], [444.6725769042969, 724.0704956054688]]]"
27,1,196,640,441,799,"[[[189.28900146484375, 702.80029296875], [186.60195922851562, 700.7119750976562], [0.0, 0.0], [189.57643127441406, 704.7265625], [0.0, 0.0], [218.7935333251953, 725.2528076171875], [230.5084228515625, 713.1242065429688], [261.31390380859375, 753.6917724609375], [286.718994140625, 714.2131958007812], [296.5562744140625, 761.8413696289062], [301.4260559082031, 705.3157348632812], [317.942138671875, 739.0479736328125], [326.89520263671875, 740.876953125], [375.4309387207031, 728.737548828125], [382.0205078125, 718.1590576171875], [449.96795654296875, 722.4896850585938], [462.1955871582031, 708.95703125]]]"
28,1,182,644,456,819,"[[[194.67474365234375, 701.7320556640625], [194.89266967773438, 694.5584106445312], [188.41708374023438, 702.5367431640625], [207.62228393554688, 694.5087890625], [188.9151611328125, 711.9207763671875], [247.0634765625, 701.4595947265625], [223.1495361328125, 735.4868774414062], [352.7987060546875, 708.5335083007812], [282.94049072265625, 772.6162719726562], [436.4715576171875, 716.9503784179688], [332.65045166015625, 774.6234130859375], [340.398681640625, 729.8233642578125], [321.5389099121094, 754.4940185546875], [391.88641357421875, 733.12744140625], [357.3227844238281, 771.7039794921875], [453.3421630859375, 719.3939819335938], [410.1970520019531, 761.4937744140625]]]"
29,1,188,655,452,818,"[[[195.3976593017578, 706.2486572265625], [192.61029052734375, 697.232177734375], [187.76126098632812, 706.7901000976562], [201.69447326660156, 694.3177490234375], [186.77980041503906, 716.1018676757812], [237.5250244140625, 708.247802734375], [223.1842803955078, 739.787353515625], [299.8397216796875, 738.1944580078125], [282.27911376953125, 781.5895385742188], [316.59649658203125, 783.4066772460938], [319.30230712890625, 793.5542602539062], [324.89471435546875, 732.64892578125], [309.5925598144531, 755.0238037109375], [388.14764404296875, 720.918701171875], [350.2861633300781, 754.072509765625], [446.9092102050781, 721.2831420898438], [395.3746643066406, 759.7201538085938]]]"
30,1,179,653,460,824,"[[[198.04568481445312, 697.4345092773438], [196.9728546142578, 688.9843139648438], [189.15525817871094, 701.4959716796875], [207.77993774414062, 688.778564453125], [189.0630645751953, 717.6763916015625], [238.33935546875, 692.595703125], [224.16592407226562, 747.900390625], [270.0388488769531, 676.3229370117188], [270.207275390625, 789.5103149414062], [268.0931396484375, 667.8056640625], [322.4170227050781, 793.5467529296875], [337.0126953125, 726.7008056640625], [320.6112060546875, 759.6791381835938], [390.4121398925781, 747.877197265625], [361.99261474609375, 795.7156982421875], [452.31317138671875, 734.4740600585938], [413.69683837890625, 786.8582153320312]]]"
31,1,171,651,468,830,"[[[193.95472717285156, 702.0593872070312], [192.28309631347656, 694.23095703125], [187.67147827148438, 705.1114501953125], [200.46261596679688, 694.4683227539062], [190.2290496826172, 719.2249755859375], [230.0333251953125, 699.699951171875], [221.22930908203125, 748.2244873046875], [263.1380615234375, 688.6812133789062], [263.9737854003906, 790.6387329101562], [263.1080627441406, 672.6946411132812], [314.7515869140625, 799.7312622070312], [331.8038024902344, 734.2444458007812], [320.3734436035156, 764.873046875], [386.7079772949219, 749.6327514648438], [366.93804931640625, 793.2677612304688], [452.9747314453125, 735.40673828125], [427.2596435546875, 784.3875122070312]]]"
32,1,163,646,476,834,"[[[191.71226501464844, 703.642578125], [190.09205627441406, 697.5597534179688], [187.42160034179688, 705.3804931640625], [197.11422729492188, 699.6683349609375], [192.48611450195312, 717.7200927734375], [228.02615356445312, 708.3524169921875], [219.58673095703125, 745.762939453125], [259.7019958496094, 705.0335083007812], [261.05670166015625, 789.9534301757812], [265.6858215332031, 686.6497802734375], [303.34228515625, 809.7904663085938], [331.2298583984375, 739.1785278320312], [324.18914794921875, 763.5324096679688], [384.16790771484375, 767.2594604492188], [380.6891174316406, 789.4833374023438], [456.89642333984375, 747.623046875], [461.49212646484375, 765.2405395507812]]]"
33,1,155,643,483,839,"[[[195.4676971435547, 700.7535400390625], [194.4539794921875, 693.09130859375], [188.22891235351562, 704.4132080078125], [202.75289916992188, 694.7191772460938], [188.29928588867188, 720.5228881835938], [230.13430786132812, 699.0737915039062], [220.474365234375, 754.2072143554688], [264.2177429199219, 679.6985473632812], [263.74566650390625, 800.7593383789062], [257.2138977050781, 659.1832885742188], [314.4862060546875, 811.3204956054688], [334.060546875, 732.0697631835938], [321.9325866699219, 765.6583862304688], [381.7305908203125, 749.8631591796875], [362.7591552734375, 798.4842529296875], [455.18603515625, 729.1585083007812], [431.1060791015625, 781.6412353515625]]]"
34,1,149,637,488,841,"[[[195.21420288085938, 700.7776489257812], [193.30438232421875, 695.9479370117188], [190.1100311279297, 703.0499877929688], [197.446533203125, 700.0759887695312], [191.8846435546875, 717.1409912109375], [220.23074340820312, 705.6792602539062], [215.32266235351562, 753.4954833984375], [250.61526489257812, 697.3622436523438], [259.9596862792969, 802.7938842773438], [252.12734985351562, 672.7147827148438], [293.20404052734375, 826.9888916015625], [329.6458435058594, 734.4036254882812], [323.8866271972656, 765.9973754882812], [387.1741638183594, 754.4192504882812], [373.8731689453125, 791.7835693359375], [450.49267578125, 727.1246337890625], [445.4615478515625, 765.707275390625]]]"
35,1,146,635,492,844,"[[[193.106689453125, 702.44482421875], [191.98538208007812, 697.4287109375], [189.415283203125, 703.9320678710938], [197.92333984375, 703.0086669921875], [194.89279174804688, 717.75244140625], [223.52658081054688, 716.0296020507812], [221.07058715820312, 746.543701171875], [250.30136108398438, 720.93408203125], [260.2388000488281, 793.8811645507812], [255.62435913085938, 693.4603881835938], [286.914306640625, 819.5382080078125], [324.6297607421875, 742.1357421875], [321.87152099609375, 763.91259765625], [385.0416259765625, 762.915771484375], [385.2425231933594, 780.9747314453125], [461.146728515625, 745.2489013671875], [470.9456787109375, 761.6917724609375]]]"
36,1,147,633,493,842,"[[[195.06216430664062, 700.7421264648438], [194.18063354492188, 695.087158203125], [190.18353271484375, 703.416015625], [201.08445739746094, 700.2134399414062], [194.0885467529297, 719.6172485351562], [226.42269897460938, 707.6140747070312], [220.8153533935547, 754.8162841796875], [249.70687866210938, 686.9453125], [257.339111328125, 807.0567016601562], [243.54595947265625, 643.8592529296875], [287.9913024902344, 828.6976318359375], [331.2943115234375, 740.1925659179688], [325.7537841796875, 768.744384765625], [384.82574462890625, 760.1572875976562], [384.0504150390625, 788.9558715820312], [459.51422119140625, 741.2406005859375], [469.869873046875, 768.2176513671875]]]"
37,1,148,631,492,839,"[[[195.31532287597656, 701.885009765625], [195.41622924804688, 695.424560546875], [187.980712890625, 704.8978271484375], [204.4931640625, 700.3986206054688], [187.92971801757812, 722.7675170898438], [227.8692626953125, 706.4241333007812], [221.29759216308594, 761.873779296875], [254.69180297851562, 679.94580078125], [265.3550720214844, 814.4331665039062], [247.41781616210938, 643.44677734375], [285.0274353027344, 827.1016235351562], [335.0611572265625, 737.9314575195312], [328.2255554199219, 769.8731689453125], [383.7734680175781, 756.1416015625], [382.59991455078125, 790.800537109375], [457.2600402832031, 734.1753540039062], [469.7204895019531, 766.5697021484375]]]"
38,1,149,631,490,837,"[[[191.2242431640625, 703.623779296875], [190.94998168945312, 700.0433349609375], [185.59153747558594, 704.0390625], [198.23696899414062, 709.1398315429688], [188.76698303222656, 717.5095825195312], [221.71363830566406, 723.8197631835938], [225.13427734375, 735.8331909179688], [254.86773681640625, 704.3474731445312], [268.7962341308594, 726.2176513671875], [253.63543701171875, 645.9088745117188], [252.29296875, 684.2294921875], [325.12579345703125, 749.3804931640625], [325.33306884765625, 761.6034545898438], [385.2878112792969, 772.9192504882812], [383.583740234375, 774.418701171875], [463.44732666015625, 753.5552368164062], [469.2794189453125, 749.8327026367188]]]"
39,1,149,628,492,835,"[[[195.25009155273438, 703.5181884765625], [194.37924194335938, 700.5752563476562], [189.4557647705078, 703.318115234375], [199.6434326171875, 711.0548706054688], [192.09185791015625, 716.6361694335938], [221.95863342285156, 729.2102661132812], [229.18438720703125, 730.9877319335938], [253.003662109375, 710.9536743164062], [270.1158447265625, 707.9429321289062], [258.3854064941406, 649.4869384765625], [247.5234375, 665.0018310546875], [324.4322814941406, 753.9005737304688], [327.3912658691406, 761.2548828125], [384.0982971191406, 775.503662109375], [382.93609619140625, 767.6348266601562], [460.10321044921875, 761.986328125], [462.17236328125, 746.5844116210938]]]"
40,1,147,625,493,836,"[[[195.0845947265625, 703.742919921875], [194.1867218017578, 698.6077270507812], [188.39849853515625, 706.0098266601562], [200.61221313476562, 705.621826171875], [188.95509338378906, 724.0288696289062], [224.4344482421875, 711.3944702148438], [223.966064453125, 759.1605834960938], [255.39703369140625, 684.4763793945312], [265.82086181640625, 798.1728515625], [251.55291748046875, 642.8953857421875], [261.8155822753906, 787.0170288085938], [335.6449279785156, 744.5780029296875], [333.4612121582031, 772.2932739257812], [393.4185791015625, 765.955078125], [394.20465087890625, 788.9063110351562], [465.0100402832031, 746.2040405273438], [479.18377685546875, 761.2191162109375]]]"
41,1,147,625,493,836,"[[[197.69305419921875, 706.5284423828125], [196.7250213623047, 703.9818115234375], [192.25790405273438, 703.5778198242188], [200.61834716796875, 715.6091918945312], [194.33218383789062, 712.3619995117188], [222.81407165527344, 749.493408203125], [233.38751220703125, 715.1299438476562], [255.11959838867188, 779.89892578125], [272.26641845703125, 676.0328979492188], [272.38861083984375, 743.6605224609375], [247.07952880859375, 645.150146484375], [323.9547424316406, 763.973388671875], [329.8066711425781, 757.6763916015625], [382.9215393066406, 781.5317993164062], [386.6546325683594, 759.2464599609375], [457.6302490234375, 770.8750610351562], [458.1416015625, 745.0191650390625]]]"
42,1,145,622,495,836,"[[[196.3358154296875, 705.7426147460938], [195.68472290039062, 699.4655151367188], [188.1632080078125, 709.046142578125], [202.0703125, 704.8290405273438], [185.59426879882812, 728.5311279296875], [225.42388916015625, 707.9393920898438], [221.63812255859375, 769.5067138671875], [256.642822265625, 677.8181762695312], [261.7895202636719, 824.314208984375], [257.73126220703125, 645.4647827148438], [267.4483642578125, 838.00341796875], [343.31292724609375, 742.7979736328125], [338.8692626953125, 777.4329223632812], [392.24627685546875, 758.3516845703125], [392.9224853515625, 794.0849609375], [464.37957763671875, 736.143310546875], [479.96478271484375, 766.0404052734375]]]"
43,1,144,620,497,837,"[[[194.3848419189453, 705.8314819335938], [193.85606384277344, 700.983154296875], [187.70118713378906, 708.6587524414062], [200.04946899414062, 708.2738647460938], [187.12745666503906, 727.8038330078125], [224.2456817626953, 712.2029418945312], [221.64706420898438, 766.13623046875], [259.0032653808594, 682.1846313476562], [254.66766357421875, 814.6668090820312], [266.72467041015625, 644.9512939453125], [255.72930908203125, 829.0993041992188], [343.6431884765625, 743.0031127929688], [340.6181945800781, 774.2839965820312], [395.6570739746094, 762.3602294921875], [395.9803466796875, 792.60498046875], [464.56756591796875, 735.3359375], [480.0785217285156, 760.2909545898438]]]"
44,1,142,616,500,837,"[[[194.65890502929688, 705.4872436523438], [194.4580078125, 700.0166015625], [187.62493896484375, 709.3901977539062], [201.86355590820312, 706.5909423828125], [186.59542846679688, 729.9059448242188], [226.29742431640625, 708.2633056640625], [220.77719116210938, 769.9053955078125], [264.515380859375, 679.8944091796875], [249.22918701171875, 821.40771484375], [272.7611999511719, 654.4846801757812], [253.85940551757812, 832.3009033203125], [346.35107421875, 741.0547485351562], [340.8054504394531, 777.2085571289062], [398.97186279296875, 756.3701782226562], [396.3846740722656, 800.36669921875], [466.949951171875, 729.0407104492188], [479.17486572265625, 772.4411010742188]]]"
45,1,144,616,500,838,"[[[195.58489990234375, 708.3500366210938], [195.04312133789062, 703.1134033203125], [188.9042205810547, 712.046630859375], [202.1904296875, 709.7931518554688], [188.8453369140625, 732.28125], [227.55946350097656, 712.0263671875], [221.3958740234375, 771.2101440429688], [265.8122863769531, 684.0121459960938], [246.21731567382812, 821.546142578125], [276.14093017578125, 656.8817749023438], [247.50057983398438, 834.1851806640625], [345.15869140625, 744.2338256835938], [339.9789123535156, 778.902099609375], [399.8872375488281, 755.6451416015625], [398.4114074707031, 795.267333984375], [465.8317565917969, 734.5211181640625], [479.40533447265625, 772.0384521484375]]]"
46,1,144,616,498,837,"[[[195.64540100097656, 711.724853515625], [194.86766052246094, 707.0542602539062], [189.40670776367188, 715.7810668945312], [202.46127319335938, 712.9953002929688], [190.0027313232422, 735.0975952148438], [229.18785095214844, 711.3651123046875], [222.1600341796875, 768.2886962890625], [269.0441589355469, 680.4148559570312], [243.48046875, 810.03857421875], [279.20220947265625, 657.9774169921875], [239.92630004882812, 819.254638671875], [343.39990234375, 742.8748168945312], [337.4524841308594, 776.0882568359375], [396.4002685546875, 757.3569946289062], [394.1175231933594, 796.07373046875], [459.6692810058594, 737.6419067382812], [471.368896484375, 774.3489990234375]]]"
47,1,146,614,502,837,"[[[195.26483154296875, 710.8426513671875], [195.09962463378906, 705.0147705078125], [188.1625213623047, 715.4600830078125], [204.55136108398438, 709.4358520507812], [187.2955322265625, 734.9338989257812], [232.07333374023438, 706.027099609375], [218.38156127929688, 769.8407592773438], [276.0325927734375, 674.3145751953125], [239.11532592773438, 812.1766357421875], [282.47412109375, 661.594970703125], [240.10528564453125, 814.8302612304688], [343.76318359375, 742.252197265625], [332.8338928222656, 779.59130859375], [394.40411376953125, 750.080810546875], [386.3723449707031, 800.72021484375], [460.65289306640625, 735.3953857421875], [466.17388916015625, 787.4431762695312]]]"
48,1,146,614,501,838,"[[[196.52015686035156, 712.468994140625], [195.52719116210938, 707.1272583007812], [190.30007934570312, 717.0418701171875], [202.16653442382812, 712.71435546875], [190.31365966796875, 736.9527587890625], [230.13275146484375, 711.8817749023438], [219.33795166015625, 773.5607299804688], [276.7015380859375, 681.1812133789062], [237.40536499023438, 819.6224365234375], [290.52081298828125, 661.0485229492188], [238.33248901367188, 834.550048828125], [343.3262023925781, 747.342041015625], [335.80108642578125, 783.6893920898438], [390.30987548828125, 741.6541748046875], [388.157958984375, 789.0402221679688], [455.4076843261719, 731.1856689453125], [469.4665832519531, 780.5757446289062]]]"
49,1,149,617,498,838,"[[[197.33631896972656, 713.5922241210938], [196.6029815673828, 708.2882080078125], [190.6482391357422, 718.327392578125], [203.53167724609375, 713.4912109375], [189.00482177734375, 737.7479858398438], [231.45440673828125, 712.0634765625], [215.29766845703125, 773.3438110351562], [282.5566101074219, 678.2510375976562], [233.86428833007812, 813.579833984375], [293.46142578125, 658.932373046875], [234.94735717773438, 822.5419311523438], [339.6282043457031, 750.3074340820312], [328.96112060546875, 786.8164672851562], [387.8929748535156, 742.338623046875], [384.67742919921875, 791.4251098632812], [456.739990234375, 734.9669189453125], [470.9613952636719, 786.228515625]]]"
50,1,152,620,496,838,"[[[198.84877014160156, 711.8849487304688], [198.11141967773438, 706.6152954101562], [191.35247802734375, 716.2699584960938], [205.58255004882812, 712.7576293945312], [189.9087677001953, 736.7632446289062], [233.984375, 715.4407348632812], [218.47525024414062, 773.9393310546875], [281.89398193359375, 683.6406860351562], [233.26638793945312, 817.1671752929688], [300.4906311035156, 659.5624389648438], [231.96026611328125, 838.2437744140625], [343.890869140625, 750.1563720703125], [334.5335693359375, 784.9035034179688], [392.34893798828125, 742.60205078125], [391.15948486328125, 785.2432861328125], [457.17919921875, 737.4470825195312], [472.0703430175781, 780.057373046875]]]"
51,1,159,627,491,838,"[[[199.37844848632812, 714.05419921875], [198.46701049804688, 708.459228515625], [193.09109497070312, 717.65673828125], [206.25946044921875, 713.2631225585938], [194.6926727294922, 736.2194213867188], [236.62548828125, 716.38671875], [221.96853637695312, 773.5792236328125], [282.80352783203125, 685.5466918945312], [235.82144165039062, 820.18896484375], [302.84844970703125, 660.9053955078125], [234.16500854492188, 846.2118530273438], [342.3009338378906, 754.38232421875], [333.934326171875, 787.2465209960938], [388.07275390625, 742.190673828125], [387.1831359863281, 778.21630859375], [451.3203125, 742.3838500976562], [466.28424072265625, 775.527587890625]]]"
52,1,166,635,487,837,"[[[200.49880981445312, 714.6246337890625], [199.1178436279297, 709.9761352539062], [195.6070098876953, 716.4716186523438], [204.3412628173828, 716.0490112304688], [198.54904174804688, 733.2718505859375], [233.77532958984375, 723.0136108398438], [224.900146484375, 770.8416137695312], [278.6589050292969, 692.32421875], [239.20156860351562, 816.365478515625], [302.9752502441406, 658.9457397460938], [231.88278198242188, 851.1827392578125], [339.1326599121094, 759.9476928710938], [335.66595458984375, 787.1663818359375], [387.5705261230469, 751.4671020507812], [390.4033203125, 772.67138671875], [445.40521240234375, 757.2827758789062], [464.71234130859375, 772.2490844726562]]]"
53,1,167,636,487,837,"[[[201.55178833007812, 714.4550170898438], [200.86785888671875, 708.5336303710938], [195.2434844970703, 717.5955810546875], [209.22006225585938, 712.4535522460938], [196.75982666015625, 735.3307495117188], [239.17581176757812, 715.5863037109375], [223.374267578125, 772.7874145507812], [284.7514343261719, 684.0830078125], [236.3798828125, 818.5119018554688], [306.0570373535156, 661.2254638671875], [231.77096557617188, 843.4642944335938], [342.4375305175781, 753.7442626953125], [333.8150939941406, 786.2434692382812], [389.1058044433594, 745.958251953125], [388.56329345703125, 779.8377685546875], [453.9760437011719, 749.5757446289062], [468.72296142578125, 778.7139282226562]]]"
54,1,167,635,487,836,"[[[199.27301025390625, 712.217529296875], [198.32894897460938, 707.9427490234375], [194.9763641357422, 713.5071411132812], [204.62994384765625, 714.8809814453125], [198.92300415039062, 729.7107543945312], [234.80963134765625, 723.7114868164062], [226.04733276367188, 767.5245361328125], [283.7021179199219, 694.1309814453125], [240.8623046875, 812.2263793945312], [310.0055236816406, 656.3655395507812], [231.21678161621094, 851.4943237304688], [342.0575256347656, 758.2576293945312], [338.6849060058594, 783.719482421875], [389.4100341796875, 760.322998046875], [390.05194091796875, 779.8125], [448.994140625, 758.5347290039062], [464.04998779296875, 773.1812744140625]]]"
55,1,166,634,487,836,"[[[201.91748046875, 713.6485595703125], [200.5670928955078, 710.777099609375], [198.54989624023438, 713.6922607421875], [203.592529296875, 719.528564453125], [201.86923217773438, 727.4570922851562], [230.3424072265625, 733.1036987304688], [228.70167541503906, 756.6573486328125], [280.6124572753906, 709.0798950195312], [249.78179931640625, 781.220947265625], [311.5049133300781, 659.0640869140625], [249.1124267578125, 803.265869140625], [335.1656188964844, 761.9408569335938], [336.3007507324219, 778.7470092773438], [383.8135986328125, 763.067626953125], [387.9429626464844, 771.3651733398438], [443.0152587890625, 761.7776489257812], [458.15106201171875, 766.616455078125]]]"
56,1,167,635,489,836,"[[[203.51327514648438, 712.4864501953125], [202.16079711914062, 709.97607421875], [200.53610229492188, 711.847900390625], [204.52786254882812, 719.8592529296875], [204.6533966064453, 724.2474975585938], [229.1571044921875, 739.4841918945312], [232.91732788085938, 746.9833374023438], [276.710205078125, 727.1173095703125], [259.0729675292969, 755.5458984375], [307.2273864746094, 675.87841796875], [264.47174072265625, 766.4425659179688], [331.0523681640625, 767.0922241210938], [335.3328857421875, 777.5316772460938], [378.8302307128906, 766.0855102539062], [386.6213073730469, 767.9129028320312], [442.4554138183594, 768.9208374023438], [457.24542236328125, 769.0726928710938]]]"
57,1,166,634,490,836,"[[[203.17965698242188, 710.2191162109375], [202.42388916015625, 705.322509765625], [199.951904296875, 711.2068481445312], [207.82981872558594, 711.5927734375], [0.0, 0.0], [238.04708862304688, 720.5882568359375], [226.87554931640625, 768.7381591796875], [286.9985046386719, 689.3740844726562], [239.85263061523438, 815.7020874023438], [318.295166015625, 658.2056274414062], [228.55276489257812, 852.22998046875], [341.9669494628906, 762.6890258789062], [337.6559753417969, 789.6025390625], [382.0993347167969, 761.13623046875], [380.8670349121094, 781.3917236328125], [447.9766845703125, 762.523193359375], [462.90618896484375, 776.1581420898438]]]"
58,1,168,633,493,836,"[[[205.39541625976562, 709.8948364257812], [204.57708740234375, 704.7604370117188], [201.04257202148438, 711.2548828125], [210.56051635742188, 711.0506591796875], [0.0, 0.0], [240.27203369140625, 720.392822265625], [227.7507781982422, 769.3239135742188], [286.7227478027344, 688.6044311523438], [238.96051025390625, 815.2379150390625], [318.66259765625, 658.2431640625], [228.8585205078125, 852.692626953125], [342.14324951171875, 764.6912841796875], [336.70880126953125, 792.0493774414062], [385.9692687988281, 765.9364013671875], [385.27423095703125, 786.5640869140625], [449.6226806640625, 772.2371826171875], [463.71539306640625, 785.2619018554688]]]"
59,1,168,634,493,838,"[[[206.68222045898438, 711.72509765625], [0.0, 0.0], [0.0, 0.0], [210.00027465820312, 723.9647216796875], [214.03103637695312, 713.0768432617188], [229.9856414794922, 768.92041015625], [249.56298828125, 717.5968627929688], [245.23773193359375, 834.7752685546875], [307.71990966796875, 684.2908325195312], [227.78790283203125, 852.0128173828125], [319.3456115722656, 664.3352661132812], [321.23956298828125, 791.5015258789062], [330.79083251953125, 779.1976318359375], [378.4640197753906, 789.080810546875], [391.447509765625, 771.0407104492188], [435.2704162597656, 801.2236328125], [453.14984130859375, 788.9398803710938]]]"
60,1,172,634,495,836,"[[[210.5704345703125, 707.3855590820312], [210.60345458984375, 702.169921875], [204.77078247070312, 709.458251953125], [217.66513061523438, 708.1375732421875], [205.87811279296875, 727.2115478515625], [246.84329223632812, 715.1399536132812], [228.95559692382812, 770.2515258789062], [293.12982177734375, 679.8237915039062], [243.251953125, 819.3146362304688], [319.59326171875, 655.6167602539062], [233.36541748046875, 855.835693359375], [347.60955810546875, 769.5414428710938], [337.86029052734375, 799.595703125], [393.0279235839844, 783.80029296875], [388.862060546875, 808.1148071289062], [456.88946533203125, 784.5003662109375], [471.0142517089844, 800.2720336914062]]]"
61,1,173,634,495,836,"[[[211.6526336669922, 707.9475708007812], [211.20753479003906, 702.8947143554688], [206.1549072265625, 709.244384765625], [216.9148712158203, 708.7800903320312], [207.2190704345703, 725.6331787109375], [245.49282836914062, 717.1116333007812], [230.29464721679688, 766.9362182617188], [292.200439453125, 684.9171142578125], [243.99545288085938, 815.65625], [317.1152648925781, 653.3527221679688], [231.87728881835938, 855.7857055664062], [348.1890869140625, 770.100830078125], [340.3763122558594, 797.822265625], [395.1064453125, 793.101318359375], [392.92578125, 813.569091796875], [458.69232177734375, 793.5379638671875], [472.2132873535156, 805.4772338867188]]]"
62,1,173,634,495,836,"[[[211.36337280273438, 708.3195190429688], [211.42987060546875, 704.71435546875], [206.96994018554688, 706.12060546875], [216.89849853515625, 715.8097534179688], [211.90756225585938, 716.2989501953125], [233.60830688476562, 755.7703247070312], [250.96142578125, 728.4025268554688], [244.69952392578125, 816.05126953125], [290.56695556640625, 715.49755859375], [234.44534301757812, 842.9238891601562], [301.2492980957031, 706.2922973632812], [332.4442443847656, 779.5586547851562], [340.1386413574219, 778.4239501953125], [386.23321533203125, 794.837158203125], [395.4775390625, 794.3034057617188], [456.42181396484375, 798.67724609375], [458.58892822265625, 800.48974609375]]]"
63,1,171,634,498,839,"[[[210.83993530273438, 709.7972412109375], [0.0, 0.0], [0.0, 0.0], [212.09014892578125, 724.62841796875], [0.0, 0.0], [226.02439880371094, 769.1151123046875], [254.65640258789062, 714.6326904296875], [246.38699340820312, 831.3057250976562], [312.21185302734375, 664.9180908203125], [231.0614013671875, 857.8206787109375], [325.9598693847656, 646.83251953125], [320.7284240722656, 787.9473876953125], [337.7810363769531, 776.6700439453125], [390.07916259765625, 799.3678588867188], [405.8831787109375, 783.3731689453125], [455.9404602050781, 816.4414672851562], [466.55078125, 801.3828735351562]]]"
64,1,171,634,499,840,"[[[215.38241577148438, 705.0404663085938], [0.0, 0.0], [0.0, 0.0], [215.49176025390625, 722.20849609375], [0.0, 0.0], [226.47825622558594, 768.2351684570312], [255.713623046875, 715.0370483398438], [246.42343139648438, 830.5236206054688], [309.9728088378906, 665.739013671875], [233.75778198242188, 858.0956420898438], [324.9253234863281, 647.0451049804688], [322.2161865234375, 786.357421875], [339.4583740234375, 776.333984375], [393.9250793457031, 800.7355346679688], [409.51641845703125, 788.2476196289062], [459.97320556640625, 816.2639770507812], [467.24078369140625, 805.1350708007812]]]"
65,1,172,634,500,841,"[[[219.90628051757812, 701.361083984375], [218.7496337890625, 700.954345703125], [215.78866577148438, 697.8062744140625], [219.13404846191406, 719.31689453125], [220.83482360839844, 709.198486328125], [229.02890014648438, 768.1868286132812], [256.08636474609375, 716.4283447265625], [245.3304443359375, 831.8941040039062], [309.75311279296875, 666.7031860351562], [233.91622924804688, 857.871337890625], [326.9059143066406, 649.2826538085938], [328.93603515625, 787.0253295898438], [344.2843322753906, 778.0989379882812], [398.9888916015625, 798.98828125], [414.65997314453125, 788.830810546875], [464.0831298828125, 810.9274291992188], [468.3876953125, 801.4736938476562]]]"
66,1,173,632,500,839,"[[[222.1704864501953, 702.428466796875], [221.77847290039062, 699.1468505859375], [217.308837890625, 703.310791015625], [223.00418090820312, 709.1701049804688], [217.57798767089844, 720.8441772460938], [247.4691162109375, 723.3033447265625], [236.28555297851562, 761.55419921875], [273.9388122558594, 711.0004272460938], [244.5198974609375, 814.76025390625], [288.36590576171875, 676.8600463867188], [235.75991821289062, 858.5953369140625], [357.9245300292969, 773.9762573242188], [351.8089904785156, 797.8101196289062], [413.6493835449219, 805.4178466796875], [410.6664123535156, 819.1381225585938], [473.6451110839844, 804.7123413085938], [486.59344482421875, 811.72314453125]]]"
67,1,172,629,500,838,"[[[222.66030883789062, 703.4098510742188], [222.49085998535156, 698.9035034179688], [216.1666259765625, 705.68017578125], [226.42544555664062, 705.9894409179688], [215.31527709960938, 724.39404296875], [254.09097290039062, 712.6904907226562], [234.50543212890625, 767.5254516601562], [284.1241149902344, 680.9349365234375], [245.10983276367188, 822.0526733398438], [301.4472961425781, 651.7210693359375], [241.67364501953125, 855.825439453125], [360.494384765625, 771.9135131835938], [348.3586730957031, 801.8779296875], [414.6138916015625, 805.5338745117188], [405.4892883300781, 825.505615234375], [474.39019775390625, 803.5660400390625], [482.9770202636719, 812.302001953125]]]"
68,1,174,631,496,837,"[[[222.7666778564453, 703.4232177734375], [222.28196716308594, 699.4556884765625], [216.84375, 702.8770141601562], [224.5052490234375, 708.683349609375], [216.4199981689453, 717.4550170898438], [244.7896728515625, 735.9963989257812], [242.2330322265625, 746.5870361328125], [260.1058349609375, 762.4617919921875], [254.21768188476562, 776.095947265625], [264.78851318359375, 759.542236328125], [259.72711181640625, 801.1594848632812], [351.01837158203125, 773.5062866210938], [349.10601806640625, 787.5527954101562], [412.12872314453125, 802.6870727539062], [416.85577392578125, 811.158935546875], [474.638916015625, 801.44775390625], [481.08880615234375, 804.7440185546875]]]"
69,1,172,630,494,837,"[[[222.0522918701172, 705.1814575195312], [220.8365020751953, 703.8134155273438], [219.86842346191406, 701.6334228515625], [222.10186767578125, 716.7283935546875], [225.22637939453125, 708.9663696289062], [239.98800659179688, 757.3031005859375], [258.3179931640625, 714.450439453125], [263.0617980957031, 821.6098022460938], [297.388427734375, 680.4015502929688], [258.5960998535156, 853.5655517578125], [312.6549987792969, 661.2999267578125], [338.5181884765625, 783.5245361328125], [347.3208312988281, 776.8925170898438], [405.85223388671875, 805.1531982421875], [414.8302307128906, 798.358154296875], [462.24993896484375, 806.3359375], [462.3210754394531, 801.3104248046875]]]"
70,1,171,629,493,837,"[[[222.64505004882812, 704.8328247070312], [222.03854370117188, 702.2977294921875], [218.89321899414062, 701.8689575195312], [225.97659301757812, 713.3646850585938], [222.24246215820312, 709.60791015625], [244.21905517578125, 753.183837890625], [255.43679809570312, 715.3897094726562], [267.5513610839844, 819.5358276367188], [291.0932922363281, 685.6514892578125], [262.4179382324219, 857.9991455078125], [303.4609680175781, 666.9566650390625], [338.5201416015625, 776.52978515625], [343.0752868652344, 771.926025390625], [401.5394287109375, 801.4647827148438], [408.43743896484375, 797.6895141601562], [465.1573486328125, 802.7792358398438], [462.5220947265625, 798.9581909179688]]]"
71,1,170,625,494,836,"[[[220.90078735351562, 702.6866455078125], [220.80108642578125, 697.6052856445312], [215.64500427246094, 703.2638549804688], [226.9667205810547, 702.8221435546875], [218.987060546875, 717.7107543945312], [251.17044067382812, 710.6522827148438], [245.30984497070312, 755.8002319335938], [272.9666442871094, 689.0386962890625], [268.5877990722656, 811.2777709960938], [272.1988830566406, 653.9605712890625], [260.5318603515625, 847.8707275390625], [351.7423095703125, 761.176513671875], [346.92364501953125, 785.8142700195312], [401.5548095703125, 797.9368896484375], [397.42742919921875, 813.1198120117188], [462.2752685546875, 796.7562255859375], [467.1270751953125, 801.9835205078125]]]"
72,1,170,625,492,836,"[[[222.43148803710938, 701.820068359375], [222.73617553710938, 695.526123046875], [214.14816284179688, 704.8980102539062], [231.7718048095703, 699.4509887695312], [214.2192840576172, 723.5343627929688], [261.1170654296875, 700.3837890625], [240.8538818359375, 764.2213745117188], [271.24542236328125, 661.6139526367188], [268.9951171875, 818.5652465820312], [265.4861755371094, 645.1615600585938], [268.7740478515625, 836.260986328125], [355.83050537109375, 760.27197265625], [337.6751708984375, 790.9375], [402.27838134765625, 795.96240234375], [372.31488037109375, 816.4087524414062], [457.9272766113281, 804.4378662109375], [432.5213623046875, 811.1060180664062]]]"
73,1,169,625,491,837,"[[[223.18994140625, 698.509765625], [223.62033081054688, 692.5665893554688], [213.77828979492188, 702.5570068359375], [234.1767578125, 698.2266235351562], [213.48934936523438, 723.2550048828125], [264.7769470214844, 702.0899047851562], [242.00921630859375, 760.0921020507812], [270.5259704589844, 666.2724609375], [270.8534240722656, 806.7760620117188], [264.5429382324219, 647.958984375], [275.5935363769531, 825.1738891601562], [355.77008056640625, 758.6795654296875], [333.8713684082031, 786.6324462890625], [398.97186279296875, 800.9463500976562], [357.9789123535156, 820.4419555664062], [456.3635559082031, 810.2650756835938], [409.12213134765625, 818.7197265625]]]"
74,1,171,627,488,836,"[[[219.225830078125, 700.16455078125], [220.30274963378906, 694.2781372070312], [212.0345001220703, 701.9821166992188], [231.10903930664062, 699.1123046875], [213.47335815429688, 717.9950561523438], [258.56280517578125, 706.01953125], [241.3916015625, 751.4185180664062], [272.4241027832031, 679.24853515625], [268.82232666015625, 795.510498046875], [274.04766845703125, 647.8160400390625], [277.5956726074219, 815.8433837890625], [348.54107666015625, 756.3945922851562], [329.9331970214844, 779.7276611328125], [389.3312683105469, 796.193115234375], [345.89697265625, 814.9415893554688], [449.9771423339844, 802.7166137695312], [392.02410888671875, 815.4447021484375]]]"
75,1,192,659,467,838,"[[[210.86672973632812, 709.2156372070312], [210.11660766601562, 701.5662231445312], [205.9825439453125, 707.5184936523438], [219.4180145263672, 702.6619262695312], [0.0, 0.0], [252.53466796875, 723.370361328125], [243.68740844726562, 740.849853515625], [278.2298583984375, 765.0238647460938], [274.4759216308594, 787.166748046875], [283.6068115234375, 792.5381469726562], [282.235595703125, 818.626220703125], [342.0020446777344, 754.081787109375], [328.6712646484375, 767.1304931640625], [381.97283935546875, 802.5226440429688], [339.6533203125, 814.1483154296875], [445.04913330078125, 807.186279296875], [375.70465087890625, 816.708251953125]]]"
76,1,201,676,458,839,"[[[209.15872192382812, 711.044189453125], [208.52845764160156, 703.968017578125], [204.4045867919922, 709.0773315429688], [219.822021484375, 704.1385498046875], [0.0, 0.0], [255.54364013671875, 726.0464477539062], [243.365234375, 733.12841796875], [295.6042785644531, 771.5138549804688], [283.8408203125, 762.3118896484375], [296.6722106933594, 813.4791259765625], [316.04327392578125, 784.6082153320312], [343.8152770996094, 751.4924926757812], [330.7460021972656, 761.5887451171875], [378.86944580078125, 804.1771850585938], [355.76611328125, 815.5380859375], [447.0811767578125, 807.7063598632812], [406.1740417480469, 813.9066772460938]]]"
77,1,203,682,456,839,"[[[214.05450439453125, 709.302001953125], [213.95213317871094, 701.8487548828125], [208.42532348632812, 707.9660034179688], [224.1424102783203, 702.6865844726562], [0.0, 0.0], [258.6360778808594, 723.6749877929688], [241.18865966796875, 738.4486694335938], [305.26397705078125, 762.5018920898438], [276.05633544921875, 768.9968872070312], [306.29339599609375, 806.4312744140625], [295.1630554199219, 792.358642578125], [342.3195495605469, 748.55859375], [327.10296630859375, 761.9324951171875], [371.3441162109375, 798.29248046875], [347.83056640625, 816.1246337890625], [441.48541259765625, 802.4132690429688], [404.27825927734375, 817.2155151367188]]]"
78,1,201,682,457,838,"[[[214.2241973876953, 708.1867065429688], [214.11578369140625, 700.4053344726562], [207.81875610351562, 706.4346313476562], [222.7152862548828, 701.5543823242188], [0.0, 0.0], [254.031982421875, 721.9745483398438], [241.85397338867188, 738.5325927734375], [302.1021423339844, 753.3573608398438], [281.2662353515625, 766.2842407226562], [324.90777587890625, 789.4896850585938], [304.7123718261719, 782.0282592773438], [337.5389404296875, 749.9125366210938], [324.4938659667969, 763.939453125], [383.7666320800781, 794.7822265625], [350.9181823730469, 810.2489013671875], [444.8438720703125, 801.5892333984375], [392.99530029296875, 814.4656982421875]]]"
79,1,197,681,460,838,"[[[213.64480590820312, 707.0791015625], [214.6846466064453, 699.3470458984375], [206.4918212890625, 705.6439208984375], [225.38841247558594, 701.1350708007812], [0.0, 0.0], [257.0487060546875, 718.9783325195312], [237.90560913085938, 739.6802368164062], [319.6558837890625, 742.1927490234375], [277.32989501953125, 767.0314331054688], [363.2052001953125, 764.9057006835938], [306.1764831542969, 770.2098388671875], [334.5228576660156, 742.7412109375], [318.590576171875, 758.7262573242188], [384.9466857910156, 791.47412109375], [352.81695556640625, 809.0902099609375], [443.0223693847656, 801.8328247070312], [397.63232421875, 817.2702026367188]]]"
80,1,185,666,471,837,"[[[215.1432342529297, 707.2139282226562], [216.0165557861328, 700.6378173828125], [208.64804077148438, 706.5092163085938], [226.17132568359375, 703.7838134765625], [0.0, 0.0], [252.1505126953125, 717.33544921875], [243.59503173828125, 736.6168212890625], [297.6083679199219, 713.6092529296875], [297.7633972167969, 745.3500366210938], [322.49395751953125, 706.5953979492188], [348.1961975097656, 731.8865966796875], [330.2109069824219, 746.0125732421875], [321.4207763671875, 761.0621948242188], [380.0404052734375, 788.5718383789062], [370.93145751953125, 802.2574462890625], [436.2631530761719, 807.0338745117188], [428.4687194824219, 817.5613403320312]]]"
81,1,185,667,471,837,"[[[215.1281280517578, 705.1924438476562], [216.45497131347656, 698.6336059570312], [208.796630859375, 703.50732421875], [229.61590576171875, 704.526611328125], [0.0, 0.0], [265.7562561035156, 727.3373413085938], [248.11529541015625, 741.5574340820312], [362.0189514160156, 731.7677001953125], [325.26678466796875, 747.9788208007812], [439.9915771484375, 740.287109375], [402.5354309082031, 731.9075317382812], [344.1473083496094, 766.0497436523438], [332.42724609375, 780.1901245117188], [396.10528564453125, 789.4644775390625], [390.94537353515625, 803.31298828125], [445.40216064453125, 810.5157470703125], [449.223876953125, 819.0602416992188]]]"
82,1,185,670,468,837,"[[[217.5194091796875, 701.7911987304688], [219.548828125, 695.275634765625], [211.21836853027344, 700.2365112304688], [234.41656494140625, 702.4578857421875], [0.0, 0.0], [263.29107666015625, 729.9789428710938], [244.78607177734375, 746.9490966796875], [323.3829040527344, 727.7112426757812], [306.2454528808594, 751.7919311523438], [356.7762756347656, 736.7398681640625], [341.4580078125, 741.6675415039062], [331.55999755859375, 757.9423217773438], [321.6387023925781, 771.4854736328125], [380.0563659667969, 764.2784423828125], [374.19427490234375, 775.340087890625], [434.112548828125, 791.9581298828125], [440.5943908691406, 800.1351928710938]]]"
83,1,186,671,468,837,"[[[219.59339904785156, 701.039306640625], [220.6097412109375, 696.390380859375], [213.217529296875, 700.3237915039062], [230.95220947265625, 706.6267700195312], [216.265380859375, 715.2540893554688], [255.45010375976562, 737.601318359375], [244.9755859375, 743.1288452148438], [298.89605712890625, 736.9597778320312], [305.9571228027344, 735.1943359375], [315.3179931640625, 724.4257202148438], [334.4585876464844, 717.8450927734375], [324.6112365722656, 759.6829833984375], [318.7780456542969, 768.588623046875], [378.87921142578125, 764.1701049804688], [376.4599304199219, 767.9739379882812], [436.85699462890625, 789.4815063476562], [443.28179931640625, 793.9676513671875]]]"
84,1,181,668,470,836,"[[[0.0, 0.0], [0.0, 0.0], [0.0, 0.0], [0.0, 0.0], [0.0, 0.0], [240.34487915039062, 743.65771484375], [244.3294677734375, 730.3976440429688], [253.75900268554688, 742.2900390625], [288.46807861328125, 709.224365234375], [247.48092651367188, 708.697021484375], [306.8133850097656, 698.003173828125], [313.0552062988281, 764.485107421875], [315.1507263183594, 764.5780029296875], [364.9618835449219, 769.9334106445312], [365.38433837890625, 759.8624267578125], [433.04644775390625, 800.1008911132812], [437.9693603515625, 794.8417358398438]]]"
85,1,174,665,471,836,"[[[210.4273223876953, 708.900146484375], [210.1793670654297, 702.6033935546875], [0.0, 0.0], [218.58497619628906, 708.0780029296875], [0.0, 0.0], [246.9764404296875, 724.9652709960938], [237.87411499023438, 738.9749145507812], [287.5796203613281, 716.0491943359375], [279.650634765625, 727.3421020507812], [302.4862060546875, 701.6561889648438], [296.01708984375, 690.042724609375], [321.2501220703125, 757.448486328125], [313.88275146484375, 770.1002807617188], [371.844482421875, 764.0401611328125], [367.8760986328125, 773.2994995117188], [436.7534484863281, 789.3115234375], [441.2593994140625, 796.9432983398438]]]"
86,1,164,660,475,838,"[[[257.0399169921875, 757.1829223632812], [0.0, 0.0], [253.8382568359375, 756.7789306640625], [0.0, 0.0], [248.81396484375, 757.2158813476562], [267.6547546386719, 740.7559204101562], [239.2537841796875, 756.7686767578125], [279.9947509765625, 714.39306640625], [208.59571838378906, 732.6343383789062], [292.4027099609375, 677.7332153320312], [207.62229919433594, 696.4244384765625], [323.45977783203125, 755.6094360351562], [308.1081237792969, 771.890380859375], [377.85919189453125, 769.6373291015625], [368.8912658691406, 787.7687377929688], [438.29974365234375, 785.4059448242188], [436.05645751953125, 804.4552001953125]]]"
87,1,163,659,473,837,"[[[208.475341796875, 709.20751953125], [209.85203552246094, 702.81982421875], [203.73057556152344, 708.3858032226562], [222.28216552734375, 708.1357421875], [0.0, 0.0], [252.57012939453125, 722.6359252929688], [227.53765869140625, 743.8278198242188], [287.5830993652344, 714.3307495117188], [219.53323364257812, 743.7647705078125], [311.5461120605469, 690.8768920898438], [190.89678955078125, 705.7241821289062], [328.74920654296875, 754.3150634765625], [313.9446716308594, 769.835693359375], [381.4879150390625, 767.542724609375], [370.9757080078125, 778.232177734375], [434.5727233886719, 789.4083862304688], [438.2491455078125, 799.1209716796875]]]"
88,1,165,663,469,835,"[[[207.85923767089844, 705.1884155273438], [207.76402282714844, 701.2855224609375], [201.54452514648438, 705.7704467773438], [216.96551513671875, 711.4421997070312], [204.59884643554688, 722.2175903320312], [243.96612548828125, 734.87109375], [231.82644653320312, 748.5810546875], [289.1385803222656, 715.8604125976562], [286.4326171875, 734.3794555664062], [301.13446044921875, 692.9473876953125], [304.1819763183594, 702.0681762695312], [316.930419921875, 759.3414916992188], [310.1786804199219, 771.5178833007812], [384.1566162109375, 764.7846069335938], [379.80108642578125, 769.8679809570312], [438.198486328125, 795.94482421875], [445.9743957519531, 799.7498779296875]]]"
89,1,156,653,477,834,"[[[205.69268798828125, 709.7386474609375], [204.2217559814453, 706.4044189453125], [203.3416290283203, 708.82177734375], [207.0891876220703, 712.4179077148438], [210.10321044921875, 718.5554809570312], [230.38609313964844, 730.0302734375], [237.9820556640625, 731.5634765625], [257.6240539550781, 720.0498657226562], [282.2410583496094, 715.6251220703125], [274.1446533203125, 685.1138916015625], [298.1660461425781, 674.009521484375], [306.6164245605469, 756.1463623046875], [310.6437683105469, 762.0037231445312], [374.0114440917969, 775.1471557617188], [382.88763427734375, 766.89453125], [430.08221435546875, 800.2658081054688], [448.46722412109375, 789.7986450195312]]]"
90,1,147,637,486,828,"[[[204.51683044433594, 714.7505493164062], [0.0, 0.0], [0.0, 0.0], [200.81365966796875, 718.94775390625], [214.0004119873047, 720.101318359375], [212.95989990234375, 738.63232421875], [245.981689453125, 727.7127685546875], [216.27285766601562, 732.9780883789062], [288.62060546875, 701.8157958984375], [224.529052734375, 696.4921875], [294.5578308105469, 669.3306884765625], [293.7388916015625, 758.420166015625], [313.1615905761719, 758.9637451171875], [361.0536804199219, 775.3013916015625], [383.092041015625, 760.1363525390625], [422.7146301269531, 794.883056640625], [448.5704040527344, 780.98046875]]]"
91,1,137,627,496,832,"[[[197.3977508544922, 721.51123046875], [0.0, 0.0], [0.0, 0.0], [203.42933654785156, 721.660888671875], [0.0, 0.0], [226.60269165039062, 739.0990600585938], [233.69827270507812, 731.9285888671875], [243.408447265625, 725.0481567382812], [260.0348205566406, 698.433837890625], [254.48434448242188, 685.6155395507812], [264.8426208496094, 663.8303833007812], [307.11981201171875, 760.4601440429688], [311.0768737792969, 763.5302734375], [365.82037353515625, 771.91748046875], [375.6427001953125, 763.3619995117188], [437.2505798339844, 796.2406005859375], [451.3749694824219, 789.3038940429688]]]"
92,1,145,636,488,832,"[[[193.32130432128906, 723.9856567382812], [0.0, 0.0], [0.0, 0.0], [0.0, 0.0], [203.92822265625, 733.6443481445312], [202.47311401367188, 766.1976928710938], [237.00582885742188, 741.5418090820312], [209.0519561767578, 757.878662109375], [282.8663635253906, 692.5028076171875], [220.529541015625, 708.1442260742188], [282.3961486816406, 670.4348754882812], [290.9199523925781, 775.4957275390625], [312.7834167480469, 773.046142578125], [355.8139343261719, 764.0594482421875], [377.0700988769531, 751.9962158203125], [432.09124755859375, 788.6150512695312], [453.615234375, 786.9140625]]]"
93,1,158,654,480,835,"[[[0.0, 0.0], [0.0, 0.0], [0.0, 0.0], [0.0, 0.0], [217.7118377685547, 726.427978515625], [202.39852905273438, 753.985595703125], [256.7386779785156, 745.0753784179688], [216.6586151123047, 749.5136108398438], [345.3307800292969, 737.2576293945312], [251.42889404296875, 718.0420532226562], [400.91107177734375, 758.5894775390625], [283.9158020019531, 790.2846069335938], [315.34271240234375, 793.43994140625], [347.51214599609375, 752.3143920898438], [373.7884826660156, 745.7345581054688], [433.64898681640625, 789.41162109375], [452.6553039550781, 789.6766357421875]]]"
94,1,164,664,472,835,"[[[0.0, 0.0], [0.0, 0.0], [0.0, 0.0], [0.0, 0.0], [0.0, 0.0], [198.491455078125, 758.2936401367188], [272.0644226074219, 746.1123046875], [205.16592407226562, 758.0585327148438], [364.8511047363281, 748.4501953125], [231.1011199951172, 727.396240234375], [419.72698974609375, 772.6981201171875], [274.5377197265625, 798.21630859375], [318.6187438964844, 798.321533203125], [335.9469909667969, 754.6408081054688], [378.8094787597656, 744.6371459960938], [409.48748779296875, 793.9500732421875], [451.1885986328125, 792.72021484375]]]"
95,1,165,665,470,832,"[[[0.0, 0.0], [0.0, 0.0], [0.0, 0.0], [0.0, 0.0], [0.0, 0.0], [195.73989868164062, 764.5247192382812], [270.3780212402344, 741.82568359375], [183.42684936523438, 774.1749267578125], [365.7611999511719, 743.35009765625], [197.55824279785156, 747.3430786132812], [430.6370849609375, 778.1348876953125], [273.73870849609375, 793.085205078125], [316.91522216796875, 788.4702758789062], [327.98187255859375, 753.6238403320312], [375.70977783203125, 737.159423828125], [394.45123291015625, 790.7134399414062], [447.4493713378906, 784.33935546875]]]"
96,1,176,680,453,826,"[[[0.0, 0.0], [0.0, 0.0], [0.0, 0.0], [0.0, 0.0], [0.0, 0.0], [202.26507568359375, 759.8657836914062], [264.13433837890625, 739.7462158203125], [170.9532928466797, 777.6282958984375], [351.655517578125, 749.69775390625], [162.71578979492188, 767.8657836914062], [434.24493408203125, 783.3208618164062], [284.14410400390625, 785.4481201171875], [316.4361877441406, 782.1224975585938], [346.28302001953125, 768.8721923828125], [382.0151672363281, 753.7614135742188], [408.3166809082031, 795.5408935546875], [444.4632873535156, 786.1304321289062]]]"
97,1,179,690,445,826,"[[[193.21762084960938, 733.278076171875], [193.24948120117188, 730.437255859375], [0.0, 0.0], [203.15869140625, 736.30712890625], [0.0, 0.0], [218.7594451904297, 762.0994262695312], [242.24041748046875, 739.6137084960938], [179.02597045898438, 792.6240234375], [257.2430419921875, 743.9420776367188], [136.57530212402344, 781.2916259765625], [253.9375, 751.3795776367188], [303.06689453125, 778.0027465820312], [313.6523742675781, 774.1734008789062], [371.74285888671875, 774.5458984375], [388.55706787109375, 758.8577880859375], [430.3076171875, 798.1964111328125], [445.73284912109375, 786.0428466796875]]]"
98,1,175,703,434,829,"[[[0.0, 0.0], [0.0, 0.0], [0.0, 0.0], [196.3267364501953, 743.8458862304688], [0.0, 0.0], [205.96839904785156, 769.43310546875], [260.9280700683594, 745.2583618164062], [161.70098876953125, 795.3642578125], [348.5572814941406, 755.136474609375], [110.00497436523438, 777.1456298828125], [441.1645812988281, 784.572998046875], [303.63262939453125, 790.541015625], [328.6737365722656, 786.3392333984375], [360.3835754394531, 778.8255004882812], [395.6291809082031, 763.2200927734375], [0.0, 0.0], [0.0, 0.0]]]"
99,1,182,712,436,830,"[[[0.0, 0.0], [0.0, 0.0], [0.0, 0.0], [0.0, 0.0], [0.0, 0.0], [202.41860961914062, 788.427978515625], [244.88580322265625, 756.248291015625], [186.18714904785156, 825.7446899414062], [340.86175537109375, 755.65380859375], [145.06393432617188, 785.5469970703125], [410.408203125, 774.3370971679688], [291.36468505859375, 781.8140258789062], [312.65545654296875, 776.9352416992188], [365.6162109375, 766.8318481445312], [391.44451904296875, 752.4781494140625], [409.80560302734375, 791.5744018554688], [430.1274108886719, 782.4088134765625]]]"
100,1,171,717,429,831,"[[[0.0, 0.0], [0.0, 0.0], [0.0, 0.0], [0.0, 0.0], [0.0, 0.0], [189.29273986816406, 791.9117431640625], [247.85858154296875, 765.1978759765625], [171.6962432861328, 821.0665893554688], [354.5594177246094, 755.1683349609375], [133.32666015625, 784.871337890625], [427.3451843261719, 774.2076416015625], [278.7804260253906, 789.05419921875], [309.59014892578125, 788.0906372070312], [359.6074523925781, 754.8888549804688], [389.8345642089844, 747.8767700195312], [399.52984619140625, 796.9271850585938], [419.4730529785156, 794.9395751953125]]]"
101,1,172,720,437,833,"[[[0.0, 0.0], [0.0, 0.0], [0.0, 0.0], [0.0, 0.0], [0.0, 0.0], [197.94337463378906, 785.1932373046875], [254.78005981445312, 761.611083984375], [185.2906951904297, 821.0068969726562], [361.81787109375, 763.7908935546875], [139.19607543945312, 792.2267456054688], [431.92938232421875, 788.3485107421875], [294.7298889160156, 781.2022705078125], [323.8351135253906, 780.7289428710938], [374.7105407714844, 765.2328491210938], [400.3751220703125, 757.1048583984375], [0.0, 0.0], [429.4487609863281, 791.2546997070312]]]"
102,1,165,723,437,833,"[[[0.0, 0.0], [0.0, 0.0], [0.0, 0.0], [0.0, 0.0], [0.0, 0.0], [196.66357421875, 788.686279296875], [250.95379638671875, 765.2553100585938], [180.43055725097656, 823.4172973632812], [363.1520080566406, 765.843994140625], [130.21849060058594, 792.9138793945312], [450.2669372558594, 792.7332763671875], [286.8722839355469, 790.8197021484375], [313.9678955078125, 790.7122802734375], [366.21795654296875, 765.8500366210938], [394.554931640625, 759.4899291992188], [0.0, 0.0], [0.0, 0.0]]]"
103,1,157,726,433,835,"[[[0.0, 0.0], [0.0, 0.0], [0.0, 0.0], [194.1387481689453, 764.473876953125], [0.0, 0.0], [202.3480987548828, 788.3041381835938], [254.3521728515625, 760.4199829101562], [176.51377868652344, 826.4427490234375], [346.7939147949219, 759.5], [136.71571350097656, 801.6519165039062], [430.927978515625, 779.3240356445312], [284.1480712890625, 799.4282836914062], [311.0323486328125, 795.1695556640625], [0.0, 0.0], [368.84417724609375, 762.5601196289062], [0.0, 0.0], [0.0, 0.0]]]"
104,1,149,728,428,836,"[[[0.0, 0.0], [0.0, 0.0], [0.0, 0.0], [194.04238891601562, 766.3414306640625], [0.0, 0.0], [209.0915985107422, 784.5604248046875], [258.457763671875, 760.3440551757812], [183.29510498046875, 825.5881958007812], [345.7236633300781, 763.1273193359375], [137.28060913085938, 806.578125], [430.7270812988281, 780.3502807617188], [289.52386474609375, 803.4579467773438], [315.5782775878906, 799.3580322265625], [326.09039306640625, 790.2906494140625], [364.18585205078125, 776.4219360351562], [0.0, 0.0], [0.0, 0.0]]]"
105,1,158,730,442,837,"[[[0.0, 0.0], [0.0, 0.0], [0.0, 0.0], [196.1646728515625, 771.5655517578125], [0.0, 0.0], [212.65936279296875, 780.59912109375], [268.9688415527344, 757.1597900390625], [193.07632446289062, 822.614990234375], [366.074951171875, 767.6276245117188], [147.0047149658203, 813.9411010742188], [456.4954528808594, 793.6529541015625], [299.65380859375, 799.5844116210938], [332.04046630859375, 795.7577514648438], [0.0, 0.0], [0.0, 0.0], [0.0, 0.0], [0.0, 0.0]]]"
106,1,158,731,449,837,"[[[0.0, 0.0], [0.0, 0.0], [0.0, 0.0], [0.0, 0.0], [0.0, 0.0], [218.27044677734375, 782.7069702148438], [286.000732421875, 761.9487915039062], [190.73068237304688, 824.9850463867188], [369.0900573730469, 774.9846801757812], [146.67625427246094, 818.3934326171875], [459.7431945800781, 792.0370483398438], [271.9167175292969, 817.3945922851562], [318.6850280761719, 812.3837890625], [0.0, 0.0], [0.0, 0.0], [0.0, 0.0], [0.0, 0.0]]]"
107,1,173,735,456,835,"[[[0.0, 0.0], [0.0, 0.0], [0.0, 0.0], [0.0, 0.0], [0.0, 0.0], [224.0986328125, 772.0071411132812], [270.6239013671875, 759.0216674804688], [272.80670166015625, 793.41064453125], [353.135498046875, 764.16748046875], [351.3034362792969, 813.4398193359375], [433.8526611328125, 787.4707641601562], [291.1754150390625, 809.8125610351562], [317.8580017089844, 807.6466674804688], [0.0, 0.0], [0.0, 0.0], [0.0, 0.0], [0.0, 0.0]]]"
108,1,182,740,459,837,"[[[0.0, 0.0], [0.0, 0.0], [0.0, 0.0], [0.0, 0.0], [0.0, 0.0], [228.40179443359375, 762.056640625], [319.7756652832031, 759.1453857421875], [243.22232055664062, 793.54248046875], [385.88275146484375, 779.855224609375], [0.0, 0.0], [0.0, 0.0], [235.68325805664062, 805.26025390625], [290.1506652832031, 803.8607177734375], [0.0, 0.0], [0.0, 0.0], [0.0, 0.0], [0.0, 0.0]]]"
109,1,192,741,465,836,"[[[0.0, 0.0], [0.0, 0.0], [0.0, 0.0], [0.0, 0.0], [0.0, 0.0], [0.0, 0.0], [321.2976379394531, 760.4918823242188], [0.0, 0.0], [365.9892883300781, 773.4739990234375], [0.0, 0.0], [436.3822937011719, 791.66357421875], [0.0, 0.0], [294.8312683105469, 834.1356201171875], [0.0, 0.0], [0.0, 0.0], [0.0, 0.0], [0.0, 0.0]]]"
110,1,200,745,465,836,"[[[0.0, 0.0], [0.0, 0.0], [0.0, 0.0], [0.0, 0.0], [0.0, 0.0], [0.0, 0.0], [0.0, 0.0], [0.0, 0.0], [362.0675354003906, 774.778564453125], [431.22857666015625, 791.1052856445312], [437.9512634277344, 788.73046875], [0.0, 0.0], [0.0, 0.0], [0.0, 0.0], [0.0, 0.0], [0.0, 0.0], [0.0, 0.0]]]"
111,1,198,748,467,838,"[[[0.0, 0.0], [0.0, 0.0], [0.0, 0.0], [0.0, 0.0], [0.0, 0.0], [0.0, 0.0], [323.0572814941406, 773.2013549804688], [0.0, 0.0], [388.95916748046875, 778.8838500976562], [0.0, 0.0], [0.0, 0.0], [249.33767700195312, 811.6913452148438], [302.5142517089844, 813.424072265625], [0.0, 0.0], [341.5949401855469, 794.2386474609375], [0.0, 0.0], [0.0, 0.0]]]"
112,1,187,749,459,837,"[[[0.0, 0.0], [0.0, 0.0], [0.0, 0.0], [0.0, 0.0], [0.0, 0.0], [210.6998291015625, 785.2666015625], [263.7847595214844, 770.870849609375], [0.0, 0.0], [346.33587646484375, 759.48974609375], [0.0, 0.0], [431.49493408203125, 783.850830078125], [296.4309997558594, 802.94384765625], [331.46649169921875, 803.233154296875], [0.0, 0.0], [355.11505126953125, 794.7883911132812], [0.0, 0.0], [0.0, 0.0]]]"
113,1,196,750,466,838,"[[[0.0, 0.0], [0.0, 0.0], [0.0, 0.0], [0.0, 0.0], [0.0, 0.0], [223.3920135498047, 789.8866577148438], [310.53961181640625, 763.1515502929688], [168.4419403076172, 834.3529052734375], [365.003662109375, 770.22412109375], [164.2406768798828, 832.729736328125], [436.2061462402344, 789.2362670898438], [290.26904296875, 824.0665283203125], [339.6557312011719, 817.6403198242188], [0.0, 0.0], [0.0, 0.0], [0.0, 0.0], [0.0, 0.0]]]"
114,1,196,752,471,840,"[[[0.0, 0.0], [0.0, 0.0], [0.0, 0.0], [0.0, 0.0], [0.0, 0.0], [226.013916015625, 783.6796264648438], [318.93560791015625, 775.8547973632812], [0.0, 0.0], [386.97821044921875, 786.3289794921875], [0.0, 0.0], [0.0, 0.0], [265.7971496582031, 816.6902465820312], [322.3796081542969, 816.554931640625], [0.0, 0.0], [385.543212890625, 799.864501953125], [0.0, 0.0], [0.0, 0.0]]]"
115,1,201,756,462,838,"[[[0.0, 0.0], [0.0, 0.0], [0.0, 0.0], [0.0, 0.0], [0.0, 0.0], [0.0, 0.0], [0.0, 0.0], [322.29345703125, 785.2872314453125], [365.7940368652344, 786.0690307617188], [428.1417236328125, 789.76611328125], [435.2466735839844, 788.1224975585938], [279.8118896484375, 825.486328125], [311.7249755859375, 821.428466796875], [0.0, 0.0], [0.0, 0.0], [0.0, 0.0], [0.0, 0.0]]]"
116,1,205,759,457,837,"[[[0.0, 0.0], [0.0, 0.0], [0.0, 0.0], [0.0, 0.0], [0.0, 0.0], [0.0, 0.0], [0.0, 0.0], [0.0, 0.0], [382.1550598144531, 787.54736328125], [403.70111083984375, 793.2633056640625], [421.6749267578125, 789.8795776367188], [284.7729187011719, 832.8750610351562], [303.43914794921875, 827.6119384765625], [0.0, 0.0], [0.0, 0.0], [0.0, 0.0], [0.0, 0.0]]]"
117,1,205,761,458,838,"[[[0.0, 0.0], [0.0, 0.0], [0.0, 0.0], [0.0, 0.0], [0.0, 0.0], [0.0, 0.0], [0.0, 0.0], [0.0, 0.0], [0.0, 0.0], [0.0, 0.0], [0.0, 0.0], [0.0, 0.0], [0.0, 0.0], [0.0, 0.0], [0.0, 0.0], [0.0, 0.0], [0.0, 0.0]]]"
118,1,208,763,459,838,"[[[0.0, 0.0], [0.0, 0.0], [0.0, 0.0], [0.0, 0.0], [0.0, 0.0], [0.0, 0.0], [0.0, 0.0], [0.0, 0.0], [381.66400146484375, 782.406005859375], [0.0, 0.0], [0.0, 0.0], [0.0, 0.0], [0.0, 0.0], [0.0, 0.0], [0.0, 0.0], [0.0, 0.0], [0.0, 0.0]]]"
119,1,206,765,458,839,"[[[0.0, 0.0], [0.0, 0.0], [0.0, 0.0], [0.0, 0.0], [0.0, 0.0], [0.0, 0.0], [0.0, 0.0], [0.0, 0.0], [0.0, 0.0], [0.0, 0.0], [0.0, 0.0], [0.0, 0.0], [0.0, 0.0], [0.0, 0.0], [0.0, 0.0], [0.0, 0.0], [0.0, 0.0]]]"
120,1,208,767,452,837,"[[[0.0, 0.0], [0.0, 0.0], [0.0, 0.0], [0.0, 0.0], [0.0, 0.0], [0.0, 0.0], [0.0, 0.0], [0.0, 0.0], [0.0, 0.0], [0.0, 0.0], [0.0, 0.0], [0.0, 0.0], [0.0, 0.0], [0.0, 0.0], [0.0, 0.0], [0.0, 0.0], [0.0, 0.0]]]"
121,1,212,769,448,835,"[[[0.0, 0.0], [0.0, 0.0], [0.0, 0.0], [0.0, 0.0], [0.0, 0.0], [0.0, 0.0], [0.0, 0.0], [0.0, 0.0], [0.0, 0.0], [0.0, 0.0], [0.0, 0.0], [0.0, 0.0], [0.0, 0.0], [0.0, 0.0], [0.0, 0.0], [0.0, 0.0], [368.2826843261719, 796.2822265625]]]"
122,1,217,771,450,836,"[[[0.0, 0.0], [0.0, 0.0], [0.0, 0.0], [0.0, 0.0], [0.0, 0.0], [0.0, 0.0], [0.0, 0.0], [0.0, 0.0], [0.0, 0.0], [0.0, 0.0], [0.0, 0.0], [0.0, 0.0], [0.0, 0.0], [0.0, 0.0], [0.0, 0.0], [0.0, 0.0], [0.0, 0.0]]]"
123,1,220,774,449,836,"[[[0.0, 0.0], [0.0, 0.0], [0.0, 0.0], [0.0, 0.0], [0.0, 0.0], [0.0, 0.0], [0.0, 0.0], [0.0, 0.0], [385.86810302734375, 792.5841064453125], [0.0, 0.0], [0.0, 0.0], [253.4937744140625, 815.4871215820312], [306.9587097167969, 815.481201171875], [0.0, 0.0], [309.4435119628906, 797.5563354492188], [0.0, 0.0], [351.04339599609375, 803.669189453125]]]"
124,1,212,769,451,834,"[[[0.0, 0.0], [0.0, 0.0], [0.0, 0.0], [0.0, 0.0], [0.0, 0.0], [0.0, 0.0], [0.0, 0.0], [0.0, 0.0], [0.0, 0.0], [0.0, 0.0], [0.0, 0.0], [0.0, 0.0], [0.0, 0.0], [0.0, 0.0], [0.0, 0.0], [0.0, 0.0], [0.0, 0.0]]]"
125,1,212,771,449,834,"[[[0.0, 0.0], [0.0, 0.0], [0.0, 0.0], [0.0, 0.0], [0.0, 0.0], [0.0, 0.0], [0.0, 0.0], [0.0, 0.0], [0.0, 0.0], [0.0, 0.0], [0.0, 0.0], [0.0, 0.0], [0.0, 0.0], [0.0, 0.0], [0.0, 0.0], [0.0, 0.0], [0.0, 0.0]]]"
126,1,209,770,453,836,"[[[0.0, 0.0], [0.0, 0.0], [0.0, 0.0], [0.0, 0.0], [0.0, 0.0], [0.0, 0.0], [0.0, 0.0], [0.0, 0.0], [0.0, 0.0], [0.0, 0.0], [0.0, 0.0], [0.0, 0.0], [0.0, 0.0], [0.0, 0.0], [0.0, 0.0], [0.0, 0.0], [0.0, 0.0]]]"
127,1,211,772,451,836,"[[[0.0, 0.0], [0.0, 0.0], [0.0, 0.0], [0.0, 0.0], [0.0, 0.0], [0.0, 0.0], [0.0, 0.0], [0.0, 0.0], [0.0, 0.0], [0.0, 0.0], [0.0, 0.0], [0.0, 0.0], [0.0, 0.0], [0.0, 0.0], [0.0, 0.0], [0.0, 0.0], [0.0, 0.0]]]"
128,1,214,773,449,836,"[[[0.0, 0.0], [0.0, 0.0], [0.0, 0.0], [0.0, 0.0], [0.0, 0.0], [0.0, 0.0], [0.0, 0.0], [298.32000732421875, 733.2443237304688], [0.0, 0.0], [0.0, 0.0], [0.0, 0.0], [0.0, 0.0], [0.0, 0.0], [0.0, 0.0], [0.0, 0.0], [0.0, 0.0], [0.0, 0.0]]]"
129,1,216,774,447,835,"[[[0.0, 0.0], [0.0, 0.0], [0.0, 0.0], [0.0, 0.0], [0.0, 0.0], [364.3160705566406, 453.5808410644531], [0.0, 0.0], [283.544677734375, 714.9046630859375], [0.0, 0.0], [367.4346008300781, 820.903076171875], [0.0, 0.0], [0.0, 0.0], [0.0, 0.0], [0.0, 0.0], [0.0, 0.0], [0.0, 0.0], [0.0, 0.0]]]"
130,1,219,775,444,835,"[[[0.0, 0.0], [0.0, 0.0], [0.0, 0.0], [0.0, 0.0], [0.0, 0.0], [392.9896240234375, 461.46881103515625], [0.0, 0.0], [307.3382568359375, 714.5037231445312], [0.0, 0.0], [0.0, 0.0], [0.0, 0.0], [0.0, 0.0], [0.0, 0.0], [0.0, 0.0], [0.0, 0.0], [0.0, 0.0], [0.0, 0.0]]]"
131,1,221,776,442,835,"[[[0.0, 0.0], [0.0, 0.0], [0.0, 0.0], [0.0, 0.0], [0.0, 0.0], [0.0, 0.0], [338.9826965332031, 446.6936950683594], [0.0, 0.0], [285.5862121582031, 686.5874633789062], [0.0, 0.0], [314.46905517578125, 807.2236328125], [0.0, 0.0], [0.0, 0.0], [0.0, 0.0], [0.0, 0.0], [0.0, 0.0], [0.0, 0.0]]]"
132,1,224,778,440,835,"[[[0.0, 0.0], [0.0, 0.0], [0.0, 0.0], [0.0, 0.0], [0.0, 0.0], [0.0, 0.0], [353.5557861328125, 449.9343566894531], [0.0, 0.0], [0.0, 0.0], [0.0, 0.0], [0.0, 0.0], [0.0, 0.0], [0.0, 0.0], [0.0, 0.0], [0.0, 0.0], [0.0, 0.0], [0.0, 0.0]]]"
133,1,227,779,438,835,
134,1,229,780,435,835,
135,1,232,781,433,835,"[[[0.0, 0.0], [0.0, 0.0], [0.0, 0.0], [0.0, 0.0], [0.0, 0.0], [0.0, 0.0], [351.07635498046875, 444.6552734375], [0.0, 0.0], [281.82110595703125, 698.1693115234375], [0.0, 0.0], [0.0, 0.0], [0.0, 0.0], [0.0, 0.0], [0.0, 0.0], [0.0, 0.0], [0.0, 0.0], [0.0, 0.0]]]"
136,1,234,782,431,835,"[[[0.0, 0.0], [0.0, 0.0], [0.0, 0.0], [0.0, 0.0], [0.0, 0.0], [0.0, 0.0], [343.7070007324219, 440.97711181640625], [0.0, 0.0], [287.6570129394531, 677.45166015625], [0.0, 0.0], [0.0, 0.0], [0.0, 0.0], [0.0, 0.0], [0.0, 0.0], [0.0, 0.0], [0.0, 0.0], [0.0, 0.0]]]"
137,1,237,784,429,835,"[[[0.0, 0.0], [0.0, 0.0], [0.0, 0.0], [0.0, 0.0], [0.0, 0.0], [0.0, 0.0], [344.4827575683594, 446.45977783203125], [0.0, 0.0], [286.6754150390625, 675.1383056640625], [0.0, 0.0], [0.0, 0.0], [0.0, 0.0], [0.0, 0.0], [0.0, 0.0], [0.0, 0.0], [0.0, 0.0], [0.0, 0.0]]]"
138,1,239,785,426,835,
139,1,242,786,424,835,
140,1,245,787,422,835,
141,1,247,789,420,835,
142,1,250,790,418,835,
143,1,252,791,415,834,
144,1,255,792,413,834,
145,1,257,793,411,834,
146,1,260,795,409,834,
147,1,263,796,406,834,
148,1,265,797,404,834,
149,1,268,798,402,834,
150,1,270,799,400,834,"[[[0.0, 0.0], [0.0, 0.0], [0.0, 0.0], [0.0, 0.0], [0.0, 0.0], [0.0, 0.0], [343.3839416503906, 443.048828125], [0.0, 0.0], [281.0472412109375, 666.6863403320312], [0.0, 0.0], [269.3433532714844, 796.94140625], [0.0, 0.0], [0.0, 0.0], [0.0, 0.0], [0.0, 0.0], [0.0, 0.0], [0.0, 0.0]]]"
151,1,273,801,397,834,"[[[0.0, 0.0], [0.0, 0.0], [0.0, 0.0], [0.0, 0.0], [0.0, 0.0], [0.0, 0.0], [344.69500732421875, 441.98846435546875], [0.0, 0.0], [282.0794677734375, 672.7282104492188], [0.0, 0.0], [268.3671875, 799.0748291015625], [0.0, 0.0], [0.0, 0.0], [0.0, 0.0], [0.0, 0.0], [0.0, 0.0], [0.0, 0.0]]]"
152,1,275,802,395,834,"[[[0.0, 0.0], [0.0, 0.0], [0.0, 0.0], [0.0, 0.0], [0.0, 0.0], [0.0, 0.0], [336.8146667480469, 447.8765869140625], [0.0, 0.0], [285.8101501464844, 673.7335815429688], [0.0, 0.0], [270.0849914550781, 797.4100952148438], [0.0, 0.0], [0.0, 0.0], [0.0, 0.0], [0.0, 0.0], [0.0, 0.0], [0.0, 0.0]]]"
153,1,278,803,393,834,
154,1,281,804,391,834,"[[[0.0, 0.0], [0.0, 0.0], [0.0, 0.0], [0.0, 0.0], [0.0, 0.0], [0.0, 0.0], [346.7581787109375, 445.794921875], [0.0, 0.0], [276.55718994140625, 687.4201049804688], [0.0, 0.0], [273.18353271484375, 801.2008056640625], [0.0, 0.0], [0.0, 0.0], [0.0, 0.0], [0.0, 0.0], [0.0, 0.0], [0.0, 0.0]]]"
155,1,283,806,388,834,
156,1,286,807,386,834,
157,1,288,808,384,833,
158,1,291,809,382,833,
159,1,293,810,379,833,
160,1,296,812,377,833,
161,1,299,813,375,833,
162,1,301,814,373,833,
163,1,304,815,370,833,
164,1,306,816,368,833,
165,1,309,818,366,833,
166,1,312,819,364,833,
167,1,314,820,362,833,
168,1,317,821,359,833,
169,1,319,823,357,833,
170,1,322,824,355,832,
171,1,324,825,353,832,
172,1,327,826,350,832,
173,1,330,827,348,832,
174,1,332,829,346,832,
175,1,335,830,344,832,
176,1,337,831,341,832,
